Tag,Colony,Date,total_followed,total_movement,total_follower,count,sex,age,Total_Adults,Total_Adult_Females,Total_Adult_Males,Total_Subadults,Total_Juveniles,Group_Size
8,1,10/08/2012,2,9,1,31,2,1,8,5,3,0,1,10
8,1,19/06/2012,0,1,0,16,2,1,3,2,1,1,0,6
8,1,23/06/2012,0,2,0,3,2,1,3,3,0,1,0,6
8,1,24/06/2012,0,1,0,7,2,1,2,2,0,1,0,5
8,1,28/06/2012,0,1,0,10,2,1,3,3,0,1,0,5
8,1,29/07/2012,0,1,0,6,2,1,7,2,5,1,0,9
8,1,30/06/2012,0,1,0,15,2,1,2,2,0,1,0,4
351,37,01/07/2012,0,1,0,12,2,1,4,3,1,0,0,4
351,37,02/07/2012,0,1,0,11,2,1,4,3,1,0,0,4
351,37,03/06/2012,0,5,0,20,2,1,4,3,1,0,0,4
351,37,05/08/2012,0,4,0,10,2,1,4,3,1,0,0,4
351,37,09/06/2012,0,3,0,8,2,1,4,3,1,0,0,4
351,37,13/06/2012,0,2,0,9,2,1,4,3,1,0,0,4
351,37,17/06/2012,0,11,0,31,2,1,4,3,1,0,0,4
351,37,22/05/2012,0,2,0,21,2,1,4,3,1,0,0,4
351,37,22/06/2012,0,10,0,23,2,1,4,3,1,0,0,4
351,37,24/06/2012,0,3,1,7,2,1,4,3,1,0,0,4
351,37,28/06/2012,0,2,0,22,2,1,4,3,1,0,0,4
351,37,29/06/2012,0,8,0,21,2,1,4,3,1,0,0,4
351,37,30/06/2012,2,8,0,28,2,1,4,3,1,0,0,4
351,52,21/07/2012,0,2,0,2,2,1,4,2,2,1,0,5
363,16,29/06/2012,0,5,1,9,1,1,9,2,7,4,0,13
369,2A,30/06/2012,0,3,0,6,2,1,3,1,2,1,0,5
369,2B,04/08/2012,1,4,0,20,2,1,4,2,2,0,0,4
369,2B,13/06/2012,1,8,0,21,2,1,10,3,7,1,0,11
369,2B,17/07/2012,1,9,0,39,2,1,2,1,1,0,0,2
369,2B,19/06/2012,2,6,0,22,2,1,6,4,2,1,0,7
369,2B,20/06/2012,0,11,0,20,2,1,9,3,6,0,0,9
369,2B,23/06/2012,0,1,0,3,2,1,7,3,4,1,0,8
369,2B,24/06/2012,0,2,0,8,2,1,5,3,2,1,0,6
369,2B,27/05/2012,4,12,0,37,2,1,1,1,0,0,0,1
369,2B,28/06/2012,0,2,0,12,2,1,5,3,2,1,0,6
369,2B,30/06/2012,0,3,0,6,2,1,4,3,1,0,0,4
369,2C/22,07/06/2012,2,4,0,25,2,1,7,3,4,1,0,8
369,2C/22,17/07/2012,1,9,0,39,2,1,4,2,2,1,0,5
369,2C/22,19/06/2012,2,6,0,22,2,1,4,2,2,1,0,5
369,2C/22,20/06/2012,0,11,0,20,2,1,5,2,3,1,0,6
369,2C/22,27/05/2012,4,12,0,37,2,1,7,3,4,1,0,8
369,2C/22,28/05/2012,0,1,0,1,2,1,5,2,3,1,0,6
369,2C/22,28/07/2012,0,6,0,24,2,1,4,2,2,1,0,5
369,2C/22,29/07/2012,1,7,0,27,2,1,4,2,2,1,0,5
374,16,01/07/2012,0,1,0,13,2,1,3,2,1,4,0,7
374,16,03/08/2012,0,2,0,5,2,1,2,1,1,4,0,6
374,16,06/06/2012,0,6,0,25,2,1,4,2,2,4,0,8
374,16,09/07/2012,0,1,0,18,2,1,3,2,1,3,0,6
374,16,10/06/2012,1,5,0,33,2,1,4,2,2,4,0,8
374,16,10/08/2012,0,4,0,14,2,1,5,3,2,1,0,7
374,16,12/08/2012,0,7,1,21,2,1,5,3,2,2,0,7
374,16,14/06/2012,0,2,0,12,2,1,4,2,2,4,0,8
374,16,16/06/2012,0,6,0,27,2,1,4,2,2,4,0,8
374,16,18/07/2012,0,2,0,10,2,1,2,1,1,4,0,6
374,16,24/07/2012,0,1,0,10,2,1,1,1,0,4,0,5
374,16,29/06/2012,0,2,0,8,2,1,9,2,7,4,0,13
446,37,01/07/2012,0,4,0,13,2,1,4,3,1,0,0,4
446,37,02/07/2012,0,6,0,17,2,1,4,3,1,0,0,4
446,37,03/06/2012,0,12,0,44,2,1,4,3,1,0,0,4
446,37,05/08/2012,0,5,0,9,2,1,4,3,1,0,0,4
446,37,09/06/2012,0,1,0,1,2,1,4,3,1,0,0,4
446,37,13/06/2012,2,2,0,7,2,1,4,3,1,0,0,4
446,37,17/06/2012,1,11,0,39,2,1,4,3,1,0,0,4
446,37,22/05/2012,0,5,0,29,2,1,4,3,1,0,0,4
446,37,22/06/2012,1,6,0,22,2,1,4,3,1,0,0,4
446,37,24/06/2012,0,6,0,17,2,1,4,3,1,0,0,4
446,37,28/06/2012,2,6,0,26,2,1,4,3,1,0,0,4
446,37,29/06/2012,0,8,0,24,2,1,4,3,1,0,0,4
446,37,30/06/2012,0,4,0,21,2,1,4,3,1,0,0,4
482,29D,02/07/2012,0,4,0,10,2,1,4,3,1,3,0,7
482,29D,04/08/2012,0,1,0,1,2,1,4,4,0,2,0,6
482,29D,10/07/2012,0,1,0,9,2,1,4,3,1,3,0,7
482,29D,12/06/2012,0,7,0,17,2,1,5,4,1,3,0,8
482,29D,12/08/2012,0,1,0,13,2,1,6,4,2,1,4,11
482,29D,13/07/2012,0,1,0,4,2,1,5,3,2,1,0,6
482,29D,13/08/2012,0,1,0,2,2,1,4,4,0,1,1,6
482,29D,14/06/2012,0,2,0,6,2,1,5,3,2,3,0,8
482,29D,14/08/2012,0,2,0,5,2,1,2,1,1,1,0,3
482,29D,16/08/2012,0,5,0,19,2,1,6,4,2,1,3,10
482,29D,17/08/2012,0,2,0,20,2,1,6,4,2,1,1,8
482,29D,18/06/2012,0,1,0,5,2,1,5,4,1,3,0,8
482,29D,19/06/2012,0,6,0,7,2,1,2,2,0,1,0,3
501,9,04/06/2012,0,2,0,8,2,1,1,1,0,1,0,2
502,8.1,02/07/2012,0,2,0,25,1,1,5,3,2,2,0,7
502,8.1,02/08/2012,0,3,0,14,1,1,3,1,2,2,0,5
502,8.1,03/07/2012,0,2,0,6,1,1,5,3,2,2,0,7
502,8.1,03/08/2012,0,3,0,13,1,1,4,2,2,2,0,6
502,8.1,04/06/2012,0,9,0,17,1,1,2,1,1,0,0,2
502,8.1,04/07/2012,0,2,0,8,1,1,4,3,1,2,0,6
502,8.1,04/08/2012,0,4,0,10,1,1,3,1,2,2,0,5
502,8.1,05/06/2012,0,5,0,11,1,1,5,2,3,2,0,7
502,8.1,10/08/2012,0,1,0,1,1,1,4,2,2,1,0,6
502,8.1,15/06/2012,0,8,0,26,1,1,8,3,5,2,0,10
502,8.1,16/06/2012,0,2,0,3,1,1,10,3,7,2,0,12
502,8.1,17/07/2012,0,6,0,17,1,1,9,4,5,4,0,13
502,8.1,30/06/2012,0,3,0,7,1,1,5,3,2,2,0,7
502,8.1,31/07/2012,0,7,0,14,1,1,5,3,2,3,0,8
502,44,20/06/2012,0,3,0,3,1,1,4,1,3,1,0,5
503,8.1,11/06/2012,0,1,0,1,1,1,8,3,5,2,0,10
503,8.1,15/06/2012,0,5,0,7,1,1,8,3,5,2,0,10
503,8.1,16/06/2012,0,6,0,12,1,1,10,3,7,2,0,12
503,8.1,17/07/2012,0,2,0,7,1,1,9,4,5,4,0,13
503,37,05/06/2012,0,2,0,11,1,1,3,0,3,0,0,3
503,52,27/07/2012,0,4,0,5,1,1,5,2,3,1,0,6
504,8.1,11/06/2012,0,4,0,6,1,1,8,3,5,2,0,10
504,8.1,15/06/2012,0,4,1,7,1,1,8,3,5,2,0,10
504,8.1,16/06/2012,0,6,1,6,1,1,10,3,7,2,0,12
504,37,01/07/2012,0,2,0,11,1,1,4,3,1,0,0,4
504,37,02/07/2012,0,3,0,13,1,1,4,3,1,0,0,4
504,37,03/06/2012,0,1,0,6,1,1,4,3,1,0,0,4
504,37,05/06/2012,0,7,0,17,1,1,3,0,3,0,0,3
504,37,05/08/2012,0,2,0,10,1,1,4,3,1,0,0,4
504,37,09/06/2012,0,4,0,19,1,1,4,3,1,0,0,4
504,37,13/06/2012,0,2,0,7,1,1,4,3,1,0,0,4
504,37,17/06/2012,0,2,0,10,1,1,4,3,1,0,0,4
504,37,22/05/2012,0,2,0,25,1,1,4,3,1,0,0,4
504,37,22/06/2012,0,10,0,26,1,1,4,3,1,0,0,4
504,37,24/06/2012,0,3,1,7,1,1,4,3,1,0,0,4
504,37,28/06/2012,0,3,0,20,1,1,4,3,1,0,0,4
504,37,29/06/2012,0,11,0,28,1,1,4,3,1,0,0,4
504,37,30/06/2012,0,4,0,32,1,1,4,3,1,0,0,4
504,52,21/07/2012,0,2,0,2,1,1,4,2,2,1,0,5
504,52,27/07/2012,0,1,0,1,1,1,5,2,3,1,0,6
504,52,28/07/2012,0,1,0,1,1,1,3,1,2,1,0,4
505,8.1,11/06/2012,0,7,1,7,1,1,8,3,5,2,0,10
505,8.1,15/06/2012,0,5,2,12,1,1,8,3,5,2,0,10
505,8.1,16/06/2012,0,5,1,6,1,1,10,3,7,2,0,12
505,37,05/06/2012,0,3,0,9,1,1,3,0,3,0,0,3
505,44,03/07/2012,0,2,0,3,1,1,3,0,3,1,0,4
505,44,23/05/2012,0,1,0,1,1,1,3,1,2,1,0,4
507,8.1,02/07/2012,0,6,0,27,2,1,5,3,2,2,0,7
507,8.1,03/07/2012,0,5,0,18,2,1,5,3,2,2,0,7
507,8.1,03/08/2012,0,3,0,16,2,1,4,2,2,2,0,6
507,8.1,04/07/2012,0,3,0,11,2,1,4,3,1,2,0,6
507,8.1,05/06/2012,0,4,0,24,2,1,5,2,3,2,0,7
507,8.1,10/08/2012,0,2,1,2,2,1,4,2,2,1,0,6
507,8.1,11/06/2012,0,4,0,14,2,1,8,3,5,2,0,10
507,8.1,15/06/2012,0,4,0,15,2,1,8,3,5,2,0,10
507,8.1,15/07/2012,0,1,0,13,2,1,4,3,1,2,0,6
507,8.1,16/06/2012,0,5,0,16,2,1,10,3,7,2,0,12
507,8.1,16/07/2012,0,5,0,10,2,1,3,3,0,2,0,5
507,8.1,17/07/2012,0,7,0,18,2,1,9,4,5,4,0,13
507,8.1,29/07/2012,0,1,0,1,2,1,2,1,1,1,0,4
507,8.1,30/06/2012,0,1,0,5,2,1,5,3,2,2,0,7
507,8.1,31/05/2012,3,10,0,24,2,1,3,3,0,2,0,5
507,8.1,31/07/2012,0,1,0,9,2,1,5,3,2,3,0,8
510,8.1,02/07/2012,0,4,0,14,2,1,5,3,2,2,0,7
510,8.1,02/08/2012,0,2,0,10,2,1,3,1,2,2,0,5
510,8.1,03/07/2012,0,6,0,16,2,1,5,3,2,2,0,7
510,8.1,03/08/2012,0,9,0,16,2,1,4,2,2,2,0,6
510,8.1,04/06/2012,1,10,0,17,2,1,2,1,1,0,0,2
510,8.1,04/07/2012,0,1,0,7,2,1,4,3,1,2,0,6
510,8.1,04/08/2012,0,1,0,2,2,1,3,1,2,2,0,5
510,8.1,10/08/2012,0,3,1,3,2,1,4,2,2,1,0,6
510,8.1,11/06/2012,0,5,1,14,2,1,8,3,5,2,0,10
510,8.1,15/06/2012,0,13,0,20,2,1,8,3,5,2,0,10
510,8.1,15/07/2012,0,3,0,10,2,1,4,3,1,2,0,6
510,8.1,16/06/2012,0,6,0,16,2,1,10,3,7,2,0,12
510,8.1,16/07/2012,0,6,0,10,2,1,3,3,0,2,0,5
510,8.1,17/07/2012,0,15,0,33,2,1,9,4,5,4,0,13
510,8.1,30/06/2012,0,2,0,4,2,1,5,3,2,2,0,7
510,8.1,31/05/2012,0,7,0,19,2,1,3,3,0,2,0,5
510,8.1,31/07/2012,0,4,0,11,2,1,5,3,2,3,0,8
514,8.1,02/07/2012,0,3,0,19,2,1,5,3,2,2,0,7
514,8.1,03/07/2012,1,10,0,20,2,1,5,3,2,2,0,7
514,8.1,04/07/2012,0,2,0,9,2,1,4,3,1,2,0,6
514,8.1,05/06/2012,0,12,0,36,2,1,5,2,3,2,0,7
514,8.1,11/06/2012,1,6,0,11,2,1,8,3,5,2,0,10
514,8.1,15/06/2012,1,8,0,14,2,1,8,3,5,2,0,10
514,8.1,15/07/2012,0,1,0,7,2,1,4,3,1,2,0,6
514,8.1,16/06/2012,0,2,0,11,2,1,10,3,7,2,0,12
514,8.1,16/07/2012,0,6,0,12,2,1,3,3,0,2,0,5
514,8.1,17/07/2012,0,11,0,30,2,1,9,4,5,4,0,13
514,8.1,30/06/2012,0,2,0,6,2,1,5,3,2,2,0,7
514,8.1,31/05/2012,1,12,0,25,2,1,3,3,0,2,0,5
514,8.1,31/07/2012,0,2,0,11,2,1,5,3,2,3,0,8
515,37,01/07/2012,0,2,0,11,2,1,4,3,1,0,0,4
515,37,02/07/2012,0,3,1,12,2,1,4,3,1,0,0,4
515,37,03/06/2012,0,4,0,11,2,1,4,3,1,0,0,4
515,37,05/08/2012,0,5,0,10,2,1,4,3,1,0,0,4
515,37,09/06/2012,0,8,0,20,2,1,4,3,1,0,0,4
515,37,13/06/2012,0,1,0,8,2,1,4,3,1,0,0,4
515,37,17/06/2012,0,5,0,33,2,1,4,3,1,0,0,4
515,37,22/05/2012,0,3,0,21,2,1,4,3,1,0,0,4
515,37,22/06/2012,0,10,0,22,2,1,4,3,1,0,0,4
515,37,24/06/2012,0,4,0,16,2,1,4,3,1,0,0,4
515,37,28/06/2012,0,5,0,17,2,1,4,3,1,0,0,4
515,37,29/06/2012,0,10,0,17,2,1,4,3,1,0,0,4
515,37,30/06/2012,0,2,0,18,2,1,4,3,1,0,0,4
516,8.1,02/07/2012,0,5,0,28,1,1,5,3,2,2,0,7
516,8.1,02/08/2012,0,1,0,1,1,1,3,1,2,2,0,5
516,8.1,03/07/2012,0,8,0,12,1,1,5,3,2,2,0,7
516,8.1,03/08/2012,0,3,0,12,1,1,4,2,2,2,0,6
516,8.1,04/08/2012,0,3,0,6,1,1,3,1,2,2,0,5
516,8.1,10/08/2012,0,1,0,1,1,1,4,2,2,1,0,6
516,8.1,15/07/2012,0,3,0,15,1,1,4,3,1,2,0,6
516,8.1,17/07/2012,0,3,0,10,1,1,9,4,5,4,0,13
516,8.1,29/07/2012,0,2,0,2,1,1,2,1,1,1,0,4
516,8.1,30/06/2012,0,3,0,7,1,1,5,3,2,2,0,7
516,8.1,31/07/2012,0,6,0,13,1,1,5,3,2,3,0,8
516,44,03/07/2012,0,8,0,12,1,1,3,0,3,1,0,4
516,44,04/07/2012,0,2,0,2,1,1,2,0,2,0,0,2
516,44,13/07/2012,0,7,0,9,1,1,3,1,2,1,0,4
518,8.1,05/06/2012,0,5,0,5,1,1,5,2,3,2,0,7
518,8.1,11/06/2012,0,12,0,22,1,1,8,3,5,2,0,10
518,8.1,16/06/2012,0,4,1,4,1,1,10,3,7,2,0,12
518,44,01/07/2012,0,10,0,21,1,1,4,2,2,1,0,5
518,44,02/07/2012,0,5,0,25,1,1,2,0,2,1,0,3
518,44,03/07/2012,0,10,0,24,1,1,3,0,3,1,0,4
518,44,04/07/2012,0,6,0,13,1,1,2,0,2,0,0,2
518,44,08/06/2012,1,8,0,13,1,1,2,1,1,1,0,3
518,44,09/07/2012,0,6,0,24,1,1,4,2,2,1,0,5
518,44,11/06/2012,0,12,0,22,1,1,3,1,2,1,0,4
518,44,12/07/2012,0,12,0,21,1,1,4,2,2,1,0,5
518,44,13/07/2012,0,4,0,8,1,1,3,1,2,1,0,4
518,44,19/06/2012,1,4,0,14,1,1,3,1,2,1,0,4
518,44,20/06/2012,0,1,0,11,1,1,4,1,3,1,0,5
518,44,21/06/2012,0,9,0,12,1,1,4,2,2,1,0,5
518,44,24/06/2012,0,2,0,10,1,1,3,1,2,1,0,4
518,44,30/06/2012,0,2,0,5,1,1,3,2,1,0,0,3
520,8.1,05/06/2012,0,2,0,3,1,1,5,2,3,2,0,7
520,8.1,11/06/2012,1,12,0,15,1,1,8,3,5,2,0,10
520,8.1,15/06/2012,0,3,0,4,1,1,8,3,5,2,0,10
520,8.1,16/06/2012,0,3,0,7,1,1,10,3,7,2,0,12
520,44,01/07/2012,0,5,0,23,1,1,4,2,2,1,0,5
520,44,02/07/2012,0,8,1,23,1,1,2,0,2,1,0,3
520,44,09/07/2012,0,3,0,21,1,1,4,2,2,1,0,5
520,44,11/06/2012,1,12,0,15,1,1,3,1,2,1,0,4
520,44,11/07/2012,0,13,1,34,1,1,3,2,1,1,0,4
520,44,12/07/2012,0,27,6,49,1,1,4,2,2,1,0,5
520,44,19/06/2012,0,15,0,27,1,1,3,1,2,1,0,4
520,44,20/06/2012,0,5,0,13,1,1,4,1,3,1,0,5
520,44,21/06/2012,0,8,0,10,1,1,4,2,2,1,0,5
520,44,23/05/2012,0,1,0,1,1,1,3,1,2,1,0,4
520,44,24/06/2012,0,2,0,15,1,1,3,1,2,1,0,4
520,44,28/06/2012,0,13,2,25,1,1,3,2,1,1,0,4
523,44,01/07/2012,0,4,0,23,2,1,4,2,2,1,0,5
523,44,09/07/2012,0,3,0,22,2,1,4,2,2,1,0,5
523,44,11/07/2012,0,9,0,28,2,1,3,2,1,1,0,4
523,44,12/07/2012,0,6,0,28,2,1,4,2,2,1,0,5
523,44,21/06/2012,0,5,0,7,2,1,4,2,2,1,0,5
523,44,28/06/2012,0,4,0,6,2,1,3,2,1,1,0,4
523,44,30/06/2012,0,1,0,12,2,1,3,2,1,0,0,3
524,44,01/07/2012,0,4,0,20,2,1,4,2,2,1,0,5
524,44,08/06/2012,0,3,0,8,2,1,2,1,1,1,0,3
524,44,09/07/2012,0,6,0,20,2,1,4,2,2,1,0,5
524,44,11/06/2012,1,3,0,4,2,1,3,1,2,1,0,4
524,44,11/07/2012,0,13,1,41,2,1,3,2,1,1,0,4
524,44,12/07/2012,0,15,0,46,2,1,4,2,2,1,0,5
524,44,13/07/2012,0,2,0,2,2,1,3,1,2,1,0,4
524,44,19/06/2012,1,6,0,21,2,1,3,1,2,1,0,4
524,44,20/06/2012,0,2,0,14,2,1,4,1,3,1,0,5
524,44,21/06/2012,0,3,0,6,2,1,4,2,2,1,0,5
524,44,23/05/2012,0,3,1,8,2,1,3,1,2,1,0,4
524,44,24/06/2012,0,1,0,8,2,1,3,1,2,1,0,4
524,44,28/06/2012,0,6,0,12,2,1,3,2,1,1,0,4
524,44,30/06/2012,0,2,0,3,2,1,3,2,1,0,0,3
525,8.1,02/07/2012,0,3,0,26,2,2,5,3,2,2,0,7
525,8.1,02/08/2012,0,2,0,11,2,2,3,1,2,2,0,5
525,8.1,03/07/2012,0,4,0,12,2,2,5,3,2,2,0,7
525,8.1,03/08/2012,0,5,1,15,2,2,4,2,2,2,0,6
525,8.1,04/07/2012,0,4,0,10,2,2,4,3,1,2,0,6
525,8.1,04/08/2012,0,2,0,5,2,2,3,1,2,2,0,5
525,8.1,05/06/2012,0,6,0,29,2,2,5,2,3,2,0,7
525,8.1,10/08/2012,0,3,0,3,2,2,4,2,2,1,0,6
525,8.1,11/06/2012,0,7,0,17,2,2,8,3,5,2,0,10
525,8.1,15/06/2012,0,6,0,18,2,2,8,3,5,2,0,10
525,8.1,15/07/2012,0,2,0,11,2,2,4,3,1,2,0,6
525,8.1,16/06/2012,0,3,0,11,2,2,10,3,7,2,0,12
525,8.1,16/07/2012,0,3,0,10,2,2,3,3,0,2,0,5
525,8.1,17/07/2012,1,5,0,35,2,2,9,4,5,4,0,13
525,8.1,29/07/2012,0,2,0,2,2,2,2,1,1,1,0,4
525,8.1,30/06/2012,0,3,0,6,2,2,5,3,2,2,0,7
525,8.1,31/05/2012,0,5,0,12,2,2,3,3,0,2,0,5
525,8.1,31/07/2012,0,3,0,9,2,2,5,3,2,3,0,8
527,52,19/07/2012,0,7,0,32,2,1,2,1,1,1,0,3
527,52,20/07/2012,0,6,0,34,2,1,3,2,1,1,0,4
527,52,21/07/2012,0,1,0,32,2,1,4,2,2,1,0,5
527,52,23/07/2012,0,5,0,30,2,1,2,1,1,1,0,3
527,52,24/05/2012,0,3,1,11,2,1,3,2,1,2,0,5
527,52,24/07/2012,0,6,0,21,2,1,2,1,1,1,0,3
527,52,25/07/2012,1,7,0,35,2,1,2,1,1,1,0,3
527,52,26/07/2012,0,4,0,25,2,1,2,1,1,1,0,3
527,52,27/07/2012,0,27,0,59,2,1,5,2,3,1,0,6
527,52,28/07/2012,0,2,0,14,2,1,3,1,2,1,0,4
528,52,20/07/2012,0,3,0,6,2,1,3,2,1,1,0,4
528,52,24/05/2012,1,3,0,7,2,1,3,2,1,2,0,5
528,52,27/07/2012,0,2,0,8,2,1,5,2,3,1,0,6
556,29D,02/07/2012,0,1,0,6,2,1,4,3,1,3,0,7
556,29D,12/06/2012,0,3,0,16,2,1,5,4,1,3,0,8
556,29D,18/06/2012,0,1,0,1,2,1,5,4,1,3,0,8
559,29D,13/07/2012,0,1,0,1,1,1,5,3,2,1,0,6
559,29D,14/06/2012,0,3,0,5,1,1,5,3,2,3,0,8
559,29D,15/07/2012,0,3,0,3,1,1,4,2,2,2,0,6
562,29D,02/07/2012,0,5,0,13,1,1,4,3,1,3,0,7
562,29D,10/07/2012,0,7,0,18,1,1,4,3,1,3,0,7
562,29D,12/06/2012,0,2,0,10,1,1,5,4,1,3,0,8
562,29D,12/08/2012,0,3,0,6,1,1,6,4,2,1,4,11
562,29D,13/07/2012,0,1,0,3,1,1,5,3,2,1,0,6
562,29D,14/06/2012,0,7,0,18,1,1,5,3,2,3,0,8
562,29D,15/07/2012,0,2,0,5,1,1,4,2,2,2,0,6
562,29D,16/08/2012,1,4,0,17,1,1,6,4,2,1,3,10
562,29D,17/06/2012,0,2,0,10,1,1,3,2,1,3,0,6
562,29D,17/08/2012,0,3,0,6,1,1,6,4,2,1,1,8
562,29D,18/06/2012,0,10,2,24,1,1,5,4,1,3,0,8
563,29D,04/08/2012,0,1,0,4,2,1,4,4,0,2,0,6
563,29D,12/08/2012,1,7,0,22,2,1,6,4,2,1,4,11
563,29D,13/08/2012,1,7,1,21,2,1,4,4,0,1,1,6
563,29D,16/08/2012,0,5,0,15,2,1,6,4,2,1,3,10
563,29D,17/08/2012,0,8,0,18,2,1,6,4,2,1,1,8
566,29D,12/06/2012,0,1,0,6,2,1,5,4,1,3,0,8
566,29D,12/08/2012,0,5,0,16,2,1,6,4,2,1,4,11
566,29D,13/07/2012,0,1,0,2,2,1,5,3,2,1,0,6
566,29D,13/08/2012,1,3,0,13,2,1,4,4,0,1,1,6
566,29D,14/06/2012,0,2,0,4,2,1,5,3,2,3,0,8
566,29D,15/07/2012,0,1,0,1,2,1,4,2,2,2,0,6
566,29D,16/08/2012,5,11,0,18,2,1,6,4,2,1,3,10
566,29D,17/06/2012,0,1,0,4,2,1,3,2,1,3,0,6
566,29D,17/08/2012,0,4,0,12,2,1,6,4,2,1,1,8
566,29D,18/06/2012,0,1,0,1,2,1,5,4,1,3,0,8
571,1,28/06/2012,0,2,0,3,2,1,3,3,0,1,0,5
571,68,02/06/2012,2,14,0,36,2,1,3,3,0,0,0,3
571,68,16/06/2012,0,1,0,15,2,1,3,3,0,0,0,3
571,68,19/06/2012,0,5,0,17,2,1,3,2,1,0,0,3
571,68,28/06/2012,0,2,0,3,2,1,1,1,0,0,0,1
571,68,29/06/2012,0,3,0,17,2,1,2,2,0,0,0,2
571,68,30/05/2012,0,2,0,16,2,1,3,3,0,0,0,3
571,68,30/06/2012,0,1,0,9,2,1,2,2,0,0,0,2
573,8.1,17/07/2012,0,1,0,17,1,1,9,4,5,4,0,13
573,16,29/06/2012,0,10,2,19,1,1,9,2,7,4,0,13
573,2A,29/05/2012,0,5,0,7,1,1,4,2,2,1,0,7
573,2B,13/06/2012,0,4,0,19,1,1,10,3,7,1,0,11
573,4,01/07/2012,0,7,0,31,1,1,6,0,6,2,0,8
573,4,30/05/2012,1,2,0,14,1,1,2,1,1,2,0,4
574,8.1,17/07/2012,0,6,0,12,2,1,9,4,5,4,0,13
574,4,17/07/2012,0,6,0,12,2,1,2,1,1,2,0,4
574,4,30/05/2012,0,3,0,25,2,1,2,1,1,2,0,4
574,68,02/06/2012,1,9,0,35,2,1,3,3,0,0,0,3
574,68,16/06/2012,0,1,0,4,2,1,3,3,0,0,0,3
574,68,30/05/2012,0,3,0,25,2,1,3,3,0,0,0,3
576,8.1,17/07/2012,0,3,0,14,1,1,9,4,5,4,0,13
576,1,29/07/2012,0,4,0,12,1,1,7,2,5,1,0,9
576,16,29/06/2012,0,21,3,23,1,1,9,2,7,4,0,13
576,2B,13/06/2012,0,6,0,7,1,1,10,3,7,1,0,11
576,2C/22,13/06/2012,0,6,0,7,1,1,1,0,1,0,0,1
576,3,01/07/2012,0,12,0,29,1,1,4,0,4,0,0,4
576,4,01/07/2012,0,12,0,29,1,1,6,0,6,2,0,8
576,4,17/07/2012,0,3,0,14,1,1,2,1,1,2,0,4
577,1,01/07/2012,0,1,0,8,2,1,2,2,0,1,0,4
577,1,01/08/2012,0,8,0,12,2,1,2,2,0,1,0,4
577,1,02/08/2012,0,6,0,37,2,1,4,1,3,1,0,6
577,1,03/08/2012,0,5,0,16,2,1,3,1,2,1,0,5
577,1,07/06/2012,0,1,0,2,2,1,2,2,0,0,0,2
577,1,10/08/2012,0,9,1,31,2,1,8,5,3,0,1,10
577,1,11/06/2012,0,3,0,16,2,1,2,2,0,1,0,5
577,1,23/06/2012,0,2,0,13,2,1,3,3,0,1,0,6
577,1,29/05/2012,0,2,0,9,2,1,2,2,0,1,0,5
577,1,29/06/2012,0,5,0,18,2,1,2,2,0,1,0,5
577,1,29/07/2012,0,3,0,12,2,1,7,2,5,1,0,9
577,2A,24/06/2012,0,1,0,9,2,1,1,1,0,0,0,1
577,2A,28/06/2012,0,1,0,7,2,1,1,1,0,0,0,1
577,2A,29/05/2012,0,2,0,9,2,1,4,2,2,1,0,7
577,2A,29/06/2012,0,5,0,18,2,1,1,1,0,1,0,3
577,2B,19/06/2012,0,1,0,8,2,1,6,4,2,1,0,7
578,2B,13/06/2012,1,8,0,27,2,1,10,3,7,1,0,11
578,2B,19/06/2012,1,4,0,15,2,1,6,4,2,1,0,7
578,2B,20/06/2012,0,4,0,15,2,1,9,3,6,0,0,9
578,2B,23/06/2012,0,1,0,9,2,1,7,3,4,1,0,8
578,2B,24/06/2012,1,2,0,9,2,1,5,3,2,1,0,6
578,2B,28/06/2012,0,2,0,9,2,1,5,3,2,1,0,6
578,2B,30/06/2012,0,2,0,9,2,1,4,3,1,0,0,4
578,2C/22,01/08/2012,0,1,0,4,2,1,3,1,2,0,0,4
578,2C/22,04/08/2012,0,2,0,15,2,1,1,1,0,0,0,2
578,2C/22,07/06/2012,0,5,0,16,2,1,7,3,4,1,0,8
578,2C/22,17/07/2012,0,1,0,9,2,1,4,2,2,1,0,5
578,2C/22,27/05/2012,1,8,0,45,2,1,7,3,4,1,0,8
578,2C/22,28/05/2012,0,1,0,1,2,1,5,2,3,1,0,6
578,2C/22,30/06/2012,0,2,0,9,2,1,2,1,1,0,0,2
579,2C/22,07/06/2012,0,1,0,2,1,1,7,3,4,1,0,8
579,2C/22,27/05/2012,0,1,0,5,1,1,7,3,4,1,0,8
579,2C/22,28/05/2012,0,1,0,1,1,1,5,2,3,1,0,6
580,1,02/08/2012,0,4,0,7,1,1,4,1,3,1,0,6
580,1,03/08/2012,0,5,1,8,1,1,3,1,2,1,0,5
580,1,10/08/2012,0,1,0,1,1,1,8,5,3,0,1,10
580,1,19/06/2012,0,3,0,3,1,1,3,2,1,1,0,6
580,1,29/07/2012,0,10,2,35,1,1,7,2,5,1,0,9
580,1,31/07/2012,0,4,1,7,1,1,1,0,1,0,0,1
580,2A,30/06/2012,0,3,0,8,1,1,3,1,2,1,0,5
580,2B,13/06/2012,0,4,0,6,1,1,10,3,7,1,0,11
580,2B,20/06/2012,0,3,0,3,1,1,9,3,6,0,0,9
580,2C/22,07/06/2012,0,1,0,2,1,1,7,3,4,1,0,8
580,2C/22,27/05/2012,0,2,0,9,1,1,7,3,4,1,0,8
580,4,01/07/2012,0,2,0,2,1,1,6,0,6,2,0,8
580,68,19/06/2012,0,3,0,3,1,1,3,2,1,0,0,3
583,68,02/06/2012,0,9,0,34,2,1,3,3,0,0,0,3
583,68,10/06/2012,0,1,0,6,2,1,1,1,0,0,0,1
583,68,14/06/2012,0,2,0,16,2,1,1,1,0,0,0,1
583,68,16/06/2012,0,1,0,12,2,1,3,3,0,0,0,3
583,68,19/06/2012,0,4,0,17,2,1,3,2,1,0,0,3
583,68,29/06/2012,0,2,0,13,2,1,2,2,0,0,0,2
583,68,30/05/2012,1,6,0,26,2,1,3,3,0,0,0,3
583,68,30/06/2012,0,1,0,9,2,1,2,2,0,0,0,2
584,16,01/07/2012,0,1,0,10,2,1,3,2,1,4,0,7
584,16,06/06/2012,0,4,0,21,2,1,4,2,2,4,0,8
584,16,09/07/2012,0,4,0,21,2,1,3,2,1,3,0,6
584,16,10/06/2012,0,7,1,31,2,1,4,2,2,4,0,8
584,16,14/06/2012,0,1,0,14,2,1,4,2,2,4,0,8
584,16,16/06/2012,0,6,0,24,2,1,4,2,2,4,0,8
584,16,29/06/2012,0,3,0,6,2,1,9,2,7,4,0,13
585,2B,04/08/2012,0,1,0,5,2,1,4,2,2,0,0,4
585,2B,07/06/2012,1,4,0,16,2,1,2,1,1,1,0,4
585,2B,13/06/2012,0,2,0,24,2,1,10,3,7,1,0,11
585,2B,19/06/2012,1,3,0,12,2,1,6,4,2,1,0,7
585,2B,20/06/2012,0,3,0,15,2,1,9,3,6,0,0,9
585,2B,23/06/2012,0,3,0,7,2,1,7,3,4,1,0,8
585,2B,24/06/2012,0,4,2,10,2,1,5,3,2,1,0,6
585,2B,28/06/2012,0,3,0,9,2,1,5,3,2,1,0,6
585,2B,30/06/2012,0,2,0,8,2,1,4,3,1,0,0,4
585,2C/22,07/06/2012,1,4,0,16,2,1,7,3,4,1,0,8
585,2C/22,19/06/2012,1,3,0,12,2,1,4,2,2,1,0,5
585,2C/22,20/06/2012,0,3,0,15,2,1,5,2,3,1,0,6
585,2C/22,27/05/2012,1,4,0,29,2,1,7,3,4,1,0,8
585,2C/22,28/06/2012,0,3,0,9,2,1,1,1,0,1,0,2
585,2C/22,28/07/2012,0,9,0,31,2,1,4,2,2,1,0,5
585,2C/22,29/07/2012,0,6,0,16,2,1,4,2,2,1,0,5
587,2B,04/08/2012,1,3,0,12,1,1,4,2,2,0,0,4
587,2B,13/06/2012,0,8,0,23,1,1,10,3,7,1,0,11
587,2B,19/06/2012,0,4,0,17,1,1,6,4,2,1,0,7
587,2B,20/06/2012,0,3,0,8,1,1,9,3,6,0,0,9
587,2B,23/06/2012,0,3,0,12,1,1,7,3,4,1,0,8
587,2B,24/06/2012,0,3,0,9,1,1,5,3,2,1,0,6
587,2B,28/06/2012,0,2,0,15,1,1,5,3,2,1,0,6
587,2B,30/06/2012,0,4,0,7,1,1,4,3,1,0,0,4
587,2C/22,01/08/2012,0,2,0,2,1,1,3,1,2,0,0,4
587,2C/22,07/06/2012,0,7,0,26,1,1,7,3,4,1,0,8
587,2C/22,17/07/2012,0,2,0,10,1,1,4,2,2,1,0,5
587,2C/22,19/06/2012,0,4,0,17,1,1,4,2,2,1,0,5
587,2C/22,20/06/2012,0,3,0,8,1,1,5,2,3,1,0,6
587,2C/22,24/06/2012,0,3,0,9,1,1,2,0,2,1,0,3
587,2C/22,27/05/2012,0,7,0,33,1,1,7,3,4,1,0,8
587,2C/22,28/05/2012,0,1,0,1,1,1,5,2,3,1,0,6
587,2C/22,28/07/2012,0,14,0,29,1,1,4,2,2,1,0,5
587,2C/22,29/07/2012,0,7,0,18,1,1,4,2,2,1,0,5
587,2C/22,30/06/2012,0,4,0,7,1,1,2,1,1,0,0,2
587,3,01/07/2012,0,6,0,7,1,1,4,0,4,0,0,4
587,4,01/07/2012,0,6,0,7,1,1,6,0,6,2,0,8
588,1,02/08/2012,0,3,0,12,1,1,4,1,3,1,0,6
588,1,03/08/2012,0,1,0,1,1,1,3,1,2,1,0,5
588,1,29/07/2012,0,2,0,13,1,1,7,2,5,1,0,9
588,16,12/08/2012,0,1,0,1,1,1,5,3,2,2,0,7
588,16,29/06/2012,1,18,0,24,1,1,9,2,7,4,0,13
588,2A,30/06/2012,0,1,0,4,1,1,3,1,2,1,0,5
588,2B,13/06/2012,0,2,0,3,1,1,10,3,7,1,0,11
588,2B,20/06/2012,0,1,0,2,1,1,9,3,6,0,0,9
588,2B,23/06/2012,0,4,0,4,1,1,7,3,4,1,0,8
589,16,01/07/2012,0,6,0,14,1,1,3,2,1,4,0,7
589,16,06/06/2012,0,1,0,3,1,1,4,2,2,4,0,8
589,16,09/07/2012,0,3,0,6,1,1,3,2,1,3,0,6
589,16,10/06/2012,0,1,0,2,1,1,4,2,2,4,0,8
589,16,10/08/2012,0,6,0,23,1,1,5,3,2,1,0,7
589,16,12/08/2012,0,2,0,19,1,1,5,3,2,2,0,7
589,16,14/06/2012,0,3,0,9,1,1,4,2,2,4,0,8
589,16,16/06/2012,0,3,0,12,1,1,4,2,2,4,0,8
589,16,18/07/2012,0,3,0,4,1,1,2,1,1,4,0,6
589,16,29/06/2012,0,2,0,8,1,1,9,2,7,4,0,13
590,1,02/08/2012,0,2,0,3,1,1,4,1,3,1,0,6
590,1,10/08/2012,0,1,0,1,1,1,8,5,3,0,1,10
590,1,29/07/2012,0,5,0,12,1,1,7,2,5,1,0,9
590,16,03/08/2012,0,1,0,2,1,1,2,1,1,4,0,6
590,16,29/06/2012,0,3,1,8,1,1,9,2,7,4,0,13
590,2A,29/05/2012,0,2,0,3,1,1,4,2,2,1,0,7
590,2B,13/06/2012,0,3,0,3,1,1,10,3,7,1,0,11
590,2B,20/06/2012,0,2,0,3,1,1,9,3,6,0,0,9
590,2B,23/06/2012,0,2,0,5,1,1,7,3,4,1,0,8
590,2C/22,19/06/2012,1,3,0,3,1,1,4,2,2,1,0,5
590,4,01/07/2012,0,1,0,1,1,1,6,0,6,2,0,8
593,16,01/07/2012,0,3,0,11,2,2,3,2,1,4,0,7
593,16,03/08/2012,0,4,0,19,2,2,2,1,1,4,0,6
593,16,06/06/2012,0,4,0,22,2,2,4,2,2,4,0,8
593,16,09/07/2012,0,4,0,24,2,2,3,2,1,3,0,6
593,16,10/06/2012,0,4,0,25,2,2,4,2,2,4,0,8
593,16,10/08/2012,0,8,0,25,2,1,5,3,2,1,0,7
593,16,12/08/2012,0,7,0,25,2,1,5,3,2,2,0,7
593,16,14/06/2012,0,4,0,12,2,2,4,2,2,4,0,8
593,16,16/06/2012,0,5,0,25,2,2,4,2,2,4,0,8
593,16,18/07/2012,0,4,0,14,2,2,2,1,1,4,0,6
593,16,19/07/2012,0,6,0,17,2,2,0,0,0,4,0,4
593,16,24/07/2012,0,7,0,15,2,2,1,1,0,4,0,5
593,16,29/06/2012,0,4,0,8,2,2,9,2,7,4,0,13
594,2C/22,20/06/2012,0,1,0,6,1,1,5,2,3,1,0,6
594,3,01/07/2012,0,3,0,21,1,1,4,0,4,0,0,4
596,16,01/07/2012,0,3,0,13,2,2,3,2,1,4,0,7
596,16,03/08/2012,0,1,0,6,2,2,2,1,1,4,0,6
596,16,06/06/2012,0,7,0,29,2,2,4,2,2,4,0,8
596,16,10/06/2012,0,5,0,26,2,2,4,2,2,4,0,8
596,16,10/08/2012,0,4,0,22,2,2,5,3,2,1,0,7
596,16,12/08/2012,0,2,0,13,2,2,5,3,2,2,0,7
596,16,14/06/2012,0,2,0,12,2,2,4,2,2,4,0,8
596,16,16/06/2012,0,4,1,26,2,2,4,2,2,4,0,8
596,16,18/07/2012,0,2,0,16,2,2,2,1,1,4,0,6
596,16,19/07/2012,0,3,0,18,2,2,0,0,0,4,0,4
596,16,24/07/2012,0,1,0,13,2,2,1,1,0,4,0,5
596,16,29/06/2012,0,4,0,7,2,2,9,2,7,4,0,13
604,16,10/08/2012,0,2,0,2,1,1,5,3,2,1,0,7
604,16,29/06/2012,0,2,0,3,1,1,9,2,7,4,0,13
604,2B,20/06/2012,0,4,0,5,1,1,9,3,6,0,0,9
604,2C/22,20/06/2012,0,4,0,5,1,1,5,2,3,1,0,6
604,3,01/07/2012,0,2,0,23,1,1,4,0,4,0,0,4
609,1,01/07/2012,0,2,0,8,2,2,2,2,0,1,0,4
609,1,01/08/2012,1,4,1,16,2,2,2,2,0,1,0,4
609,1,02/08/2012,0,17,0,44,2,2,4,1,3,1,0,6
609,1,03/08/2012,2,6,0,18,2,2,3,1,2,1,0,5
609,1,10/08/2012,0,9,0,34,2,2,8,5,3,0,1,10
609,1,11/06/2012,0,4,0,20,2,2,2,2,0,1,0,5
609,1,19/06/2012,0,4,1,32,2,2,3,2,1,1,0,6
609,1,23/06/2012,0,3,1,12,2,2,3,3,0,1,0,6
609,1,24/06/2012,0,5,0,11,2,2,2,2,0,1,0,5
609,1,25/05/2012,0,3,0,5,2,2,1,1,0,1,0,4
609,1,28/06/2012,0,2,0,8,2,2,3,3,0,1,0,5
609,1,29/05/2012,1,3,0,14,2,2,2,2,0,1,0,5
609,1,29/06/2012,0,6,0,20,2,2,2,2,0,1,0,5
609,1,29/07/2012,0,2,0,10,2,2,7,2,5,1,0,9
609,1,30/06/2012,1,4,0,20,2,2,2,2,0,1,0,4
609,2A,25/05/2012,0,3,0,5,2,2,1,1,0,1,0,2
609,2A,29/05/2012,1,3,0,14,2,2,4,2,2,1,0,7
609,2A,29/06/2012,0,6,0,20,2,2,1,1,0,1,0,3
609,2A,30/06/2012,1,4,0,20,2,2,3,1,2,1,0,5
610,52,19/07/2012,0,8,0,44,2,2,2,1,1,1,0,3
610,52,20/07/2012,0,7,1,36,2,2,3,2,1,1,0,4
610,52,21/07/2012,0,5,0,24,2,2,4,2,2,1,0,5
610,52,23/07/2012,0,12,1,49,2,2,2,1,1,1,0,3
610,52,24/05/2012,1,3,0,6,2,2,3,2,1,2,0,5
610,52,24/07/2012,0,10,0,26,2,2,2,1,1,1,0,3
610,52,25/07/2012,0,6,0,26,2,2,2,1,1,1,0,3
610,52,26/07/2012,0,9,0,31,2,2,2,1,1,1,0,3
610,52,27/07/2012,0,23,0,55,2,2,5,2,3,1,0,6
610,52,28/07/2012,1,8,0,20,2,2,3,1,2,1,0,4
612,8.1,02/07/2012,0,5,0,16,2,2,5,3,2,2,0,7
612,8.1,02/08/2012,0,2,0,11,2,2,3,1,2,2,0,5
612,8.1,03/07/2012,0,5,0,13,2,2,5,3,2,2,0,7
612,8.1,03/08/2012,0,10,1,19,2,2,4,2,2,2,0,6
612,8.1,04/07/2012,0,2,0,8,2,2,4,3,1,2,0,6
612,8.1,04/08/2012,0,5,0,6,2,2,3,1,2,2,0,5
612,8.1,05/06/2012,0,8,0,29,2,2,5,2,3,2,0,7
612,8.1,10/08/2012,0,6,0,6,2,2,4,2,2,1,0,6
612,8.1,11/06/2012,1,7,0,17,2,2,8,3,5,2,0,10
612,8.1,15/06/2012,2,16,0,23,2,2,8,3,5,2,0,10
612,8.1,15/07/2012,0,7,0,17,2,2,4,3,1,2,0,6
612,8.1,16/06/2012,0,3,0,6,2,2,10,3,7,2,0,12
612,8.1,16/07/2012,0,4,0,11,2,2,3,3,0,2,0,5
612,8.1,17/07/2012,1,9,0,24,2,2,9,4,5,4,0,13
612,8.1,29/07/2012,0,1,0,1,2,2,2,1,1,1,0,4
612,8.1,30/06/2012,0,2,0,6,2,2,5,3,2,2,0,7
612,8.1,31/05/2012,1,10,0,23,2,2,3,3,0,2,0,5
612,8.1,31/07/2012,1,6,0,14,2,2,5,3,2,3,0,8
613,16,01/07/2012,0,3,0,13,1,2,3,2,1,4,0,7
613,16,03/08/2012,0,4,0,11,1,2,2,1,1,4,0,6
613,16,06/06/2012,0,4,0,18,1,2,4,2,2,4,0,8
613,16,09/07/2012,0,1,0,22,1,2,3,2,1,3,0,6
613,16,10/06/2012,0,5,0,30,1,2,4,2,2,4,0,8
613,16,10/08/2012,0,7,0,27,1,2,5,3,2,1,0,7
613,16,12/08/2012,0,5,0,23,1,2,5,3,2,2,0,7
613,16,14/06/2012,0,3,0,19,1,2,4,2,2,4,0,8
613,16,16/06/2012,0,5,0,26,1,2,4,2,2,4,0,8
613,16,18/07/2012,0,3,0,17,1,2,2,1,1,4,0,6
613,16,19/07/2012,0,2,0,15,1,2,0,0,0,4,0,4
613,16,24/07/2012,0,3,0,16,1,2,1,1,0,4,0,5
613,16,29/06/2012,0,7,0,15,1,2,9,2,7,4,0,13
614,8.1,31/07/2012,0,1,0,1,2,2,5,3,2,3,0,8
614,2B,07/06/2012,0,12,0,29,2,2,2,1,1,1,0,4
614,2B,13/06/2012,0,8,1,27,2,2,10,3,7,1,0,11
614,2B,19/06/2012,2,9,0,19,2,2,6,4,2,1,0,7
614,2B,23/06/2012,0,3,0,9,2,2,7,3,4,1,0,8
614,2B,24/06/2012,1,4,1,9,2,2,5,3,2,1,0,6
614,2B,28/06/2012,0,3,0,8,2,2,5,3,2,1,0,6
614,2C/22,01/08/2012,0,1,0,2,2,2,3,1,2,0,0,4
614,2C/22,04/08/2012,0,1,0,4,2,2,1,1,0,0,0,2
614,2C/22,07/06/2012,0,12,0,29,2,2,7,3,4,1,0,8
614,2C/22,17/07/2012,1,9,0,32,2,2,4,2,2,1,0,5
614,2C/22,19/06/2012,2,9,0,19,2,2,4,2,2,1,0,5
614,2C/22,20/06/2012,0,1,0,8,2,2,5,2,3,1,0,6
614,2C/22,24/06/2012,1,4,1,9,2,2,2,0,2,1,0,3
614,2C/22,27/05/2012,0,3,0,23,2,2,7,3,4,1,0,8
614,2C/22,28/05/2012,0,1,0,1,2,2,5,2,3,1,0,6
614,2C/22,28/06/2012,0,3,0,8,2,2,1,1,0,1,0,2
614,2C/22,28/07/2012,0,6,0,25,2,2,4,2,2,1,0,5
614,2C/22,29/07/2012,2,9,0,23,2,2,4,2,2,1,0,5
615,16,06/06/2012,0,4,0,24,1,1,4,2,2,4,0,8
615,16,10/06/2012,1,6,1,33,1,1,4,2,2,4,0,8
615,16,14/06/2012,0,3,0,19,1,1,4,2,2,4,0,8
615,16,16/06/2012,2,6,2,26,1,1,4,2,2,4,0,8
618,16,01/07/2012,0,5,0,14,2,2,3,2,1,4,0,7
618,16,03/08/2012,0,2,0,2,2,2,2,1,1,4,0,6
618,16,06/06/2012,0,8,0,24,2,2,4,2,2,4,0,8
618,16,09/07/2012,0,5,0,24,2,2,3,2,1,3,0,6
618,16,10/06/2012,0,7,0,32,2,2,4,2,2,4,0,8
618,16,10/08/2012,0,5,0,25,2,1,5,3,2,1,0,7
618,16,12/08/2012,0,4,0,18,2,1,5,3,2,2,0,7
618,16,14/06/2012,0,5,0,14,2,2,4,2,2,4,0,8
618,16,16/06/2012,0,3,1,26,2,2,4,2,2,4,0,8
618,16,18/07/2012,0,3,0,13,2,2,2,1,1,4,0,6
618,16,19/07/2012,0,5,0,16,2,2,0,0,0,4,0,4
618,16,24/07/2012,1,3,0,13,2,2,1,1,0,4,0,5
618,16,29/06/2012,2,12,1,19,2,2,9,2,7,4,0,13
623,8.1,16/06/2012,0,12,2,12,1,1,10,3,7,2,0,12
623,52,19/07/2012,0,7,0,45,1,1,2,1,1,1,0,3
623,52,20/07/2012,0,10,1,41,1,1,3,2,1,1,0,4
623,52,21/07/2012,0,1,0,19,1,1,4,2,2,1,0,5
623,52,23/07/2012,0,16,1,48,1,1,2,1,1,1,0,3
623,52,24/05/2012,0,3,1,6,1,1,3,2,1,2,0,5
623,52,24/07/2012,0,12,1,35,1,1,2,1,1,1,0,3
623,52,25/07/2012,0,12,0,40,1,1,2,1,1,1,0,3
623,52,26/07/2012,0,8,0,27,1,1,2,1,1,1,0,3
623,52,27/07/2012,0,18,0,56,1,1,5,2,3,1,0,6
623,52,28/07/2012,0,12,3,24,1,1,3,1,2,1,0,4
625,2B,04/08/2012,0,8,0,19,1,1,4,2,2,0,0,4
625,2B,07/06/2012,0,4,0,9,1,1,2,1,1,1,0,4
625,2B,13/06/2012,0,4,1,22,1,1,10,3,7,1,0,11
625,2B,17/07/2012,0,9,0,31,1,1,2,1,1,0,0,2
625,2B,19/06/2012,1,2,0,14,1,1,6,4,2,1,0,7
625,2B,20/06/2012,0,2,0,15,1,1,9,3,6,0,0,9
625,2B,23/06/2012,0,3,0,9,1,1,7,3,4,1,0,8
625,2B,24/06/2012,0,3,0,8,1,1,5,3,2,1,0,6
625,2B,28/06/2012,0,3,0,9,1,1,5,3,2,1,0,6
625,2C/22,01/08/2012,0,1,0,1,1,1,3,1,2,0,0,4
625,2C/22,07/06/2012,0,4,0,9,1,1,7,3,4,1,0,8
625,2C/22,17/07/2012,0,9,0,31,1,1,4,2,2,1,0,5
625,2C/22,24/06/2012,0,3,0,8,1,1,2,0,2,1,0,3
625,2C/22,27/05/2012,1,8,1,32,1,1,7,3,4,1,0,8
625,2C/22,28/05/2012,0,1,0,1,1,1,5,2,3,1,0,6
625,2C/22,28/07/2012,2,13,0,35,1,1,4,2,2,1,0,5
625,2C/22,29/07/2012,0,6,0,22,1,1,4,2,2,1,0,5
626,1,01/07/2012,0,1,0,10,2,2,2,2,0,1,0,4
626,1,10/08/2012,0,3,0,21,2,1,8,5,3,0,1,10
626,1,11/06/2012,0,2,0,20,2,2,2,2,0,1,0,5
626,1,19/06/2012,0,8,0,34,2,2,3,2,1,1,0,6
626,1,23/06/2012,0,4,0,18,2,2,3,3,0,1,0,6
626,1,24/06/2012,0,3,1,15,2,2,2,2,0,1,0,5
626,1,25/05/2012,0,2,0,6,2,2,1,1,0,1,0,4
626,1,28/05/2012,7,8,0,13,2,2,1,1,0,0,0,3
626,1,28/06/2012,0,1,0,9,2,2,3,3,0,1,0,5
626,1,29/05/2012,3,6,0,34,2,2,2,2,0,1,0,5
626,1,29/06/2012,0,5,0,17,2,2,2,2,0,1,0,5
626,1,30/06/2012,0,4,1,19,2,2,2,2,0,1,0,4
626,2A,28/05/2012,7,8,0,13,2,2,1,1,0,0,0,3
626,2A,29/05/2012,3,6,0,34,2,2,4,2,2,1,0,7
626,2A,29/06/2012,0,5,0,17,2,2,1,1,0,1,0,3
626,2A,30/06/2012,0,4,1,19,2,2,3,1,2,1,0,5
626,2B,07/06/2012,0,1,0,1,2,2,2,1,1,1,0,4
627,44,01/07/2012,0,4,0,20,2,2,4,2,2,1,0,5
627,44,02/07/2012,0,13,0,25,2,2,2,0,2,1,0,3
627,44,03/07/2012,0,1,0,20,2,2,3,0,3,1,0,4
627,44,08/06/2012,1,9,0,19,2,2,2,1,1,1,0,3
627,44,09/07/2012,0,10,0,34,2,2,4,2,2,1,0,5
627,44,11/06/2012,1,3,0,4,2,2,3,1,2,1,0,4
627,44,11/07/2012,0,12,1,37,2,2,3,2,1,1,0,4
627,44,12/07/2012,0,33,0,63,2,2,4,2,2,1,0,5
627,44,13/06/2012,0,2,0,16,2,2,0,0,0,1,0,1
627,44,13/07/2012,0,4,0,5,2,2,3,1,2,1,0,4
627,44,19/06/2012,1,17,0,29,2,2,3,1,2,1,0,4
627,44,20/06/2012,0,3,0,15,2,2,4,1,3,1,0,5
627,44,21/06/2012,0,2,0,7,2,2,4,2,2,1,0,5
627,44,23/05/2012,1,4,0,25,2,2,3,1,2,1,0,4
627,44,24/06/2012,0,3,0,7,2,2,3,1,2,1,0,4
627,44,28/06/2012,0,12,1,29,2,2,3,2,1,1,0,4
628,52,24/05/2012,1,2,0,6,1,2,3,2,1,2,0,5
629,1,01/08/2012,0,3,0,16,2,2,2,2,0,1,0,4
629,1,02/08/2012,0,12,0,44,2,2,4,1,3,1,0,6
629,1,03/08/2012,0,5,0,16,2,2,3,1,2,1,0,5
629,1,10/08/2012,0,10,0,41,2,2,8,5,3,0,1,10
629,1,11/06/2012,0,10,0,22,2,2,2,2,0,1,0,5
629,1,19/06/2012,0,7,0,26,2,2,3,2,1,1,0,6
629,1,23/06/2012,0,1,0,13,2,2,3,3,0,1,0,6
629,1,24/06/2012,0,6,0,15,2,2,2,2,0,1,0,5
629,1,25/05/2012,0,9,0,16,2,2,1,1,0,1,0,4
629,1,28/05/2012,6,7,0,16,2,2,1,1,0,0,0,3
629,1,29/05/2012,2,3,0,21,2,2,2,2,0,1,0,5
629,1,29/06/2012,0,1,0,19,2,2,2,2,0,1,0,5
629,1,29/07/2012,0,1,0,13,2,2,7,2,5,1,0,9
629,2A,28/05/2012,6,7,0,16,2,2,1,1,0,0,0,3
629,2A,29/05/2012,2,3,0,21,2,2,4,2,2,1,0,7
630,1,01/07/2012,0,4,0,12,2,1,2,2,0,1,0,4
630,1,01/08/2012,0,2,0,15,2,1,2,2,0,1,0,4
630,1,07/06/2012,0,1,0,3,2,1,2,2,0,0,0,2
630,1,10/08/2012,0,6,0,29,2,1,8,5,3,0,1,10
630,1,11/06/2012,0,4,0,23,2,1,2,2,0,1,0,5
630,1,19/06/2012,0,4,0,27,2,1,3,2,1,1,0,6
630,1,23/06/2012,0,2,0,5,2,1,3,3,0,1,0,6
630,1,24/06/2012,0,2,0,9,2,1,2,2,0,1,0,5
630,1,25/05/2012,1,3,0,6,2,1,1,1,0,1,0,4
630,1,28/05/2012,8,8,0,16,2,1,1,1,0,0,0,3
630,1,28/06/2012,0,2,0,10,2,1,3,3,0,1,0,5
630,1,29/05/2012,4,7,0,25,2,1,2,2,0,1,0,5
630,1,29/06/2012,0,1,0,15,2,1,2,2,0,1,0,5
630,1,30/06/2012,0,2,0,14,2,1,2,2,0,1,0,4
630,2A,25/05/2012,1,3,0,6,2,1,1,1,0,1,0,2
630,2A,28/05/2012,8,8,0,16,2,1,1,1,0,0,0,3
630,2A,29/05/2012,4,7,0,25,2,1,4,2,2,1,0,7
631,9,04/06/2012,0,1,0,7,1,2,1,1,0,1,0,2
632,8.1,17/07/2012,0,4,0,15,1,2,9,4,5,4,0,13
632,4,01/07/2012,0,4,0,27,1,2,6,0,6,2,0,8
632,4,17/07/2012,0,4,0,15,1,2,2,1,1,2,0,4
632,4,30/05/2012,0,2,0,18,1,2,2,1,1,2,0,4
633,8.1,17/07/2012,0,5,0,12,1,2,9,4,5,4,0,13
633,4,01/07/2012,0,3,0,32,1,2,6,0,6,2,0,8
633,4,17/07/2012,0,5,0,12,1,2,2,1,1,2,0,4
633,4,30/05/2012,3,6,0,15,1,2,2,1,1,2,0,4
634,29D,04/08/2012,0,2,0,5,2,1,4,4,0,2,0,6
634,29D,10/07/2012,0,2,0,18,2,1,4,3,1,3,0,7
635,29D,02/07/2012,0,4,0,24,2,2,4,3,1,3,0,7
635,29D,10/07/2012,2,8,0,42,2,2,4,3,1,3,0,7
635,29D,12/06/2012,2,6,0,24,2,2,5,4,1,3,0,8
635,29D,13/07/2012,0,2,0,5,2,2,5,3,2,1,0,6
635,29D,14/06/2012,1,7,0,27,2,2,5,3,2,3,0,8
635,29D,15/07/2012,0,8,0,27,2,2,4,2,2,2,0,6
635,29D,17/06/2012,0,3,1,12,2,2,3,2,1,3,0,6
635,29D,18/06/2012,3,14,0,37,2,2,5,4,1,3,0,8
635,29D,30/06/2012,0,1,0,8,2,2,0,0,0,3,0,3
636,29D,02/07/2012,0,6,0,23,2,1,4,3,1,3,0,7
636,29D,04/08/2012,0,2,0,6,2,1,4,4,0,2,0,6
636,29D,10/07/2012,1,14,0,46,2,1,4,3,1,3,0,7
636,29D,12/06/2012,0,6,0,21,2,1,5,4,1,3,0,8
636,29D,12/08/2012,0,5,0,11,2,1,6,4,2,1,4,11
636,29D,13/07/2012,0,2,0,4,2,1,5,3,2,1,0,6
636,29D,13/08/2012,0,4,0,15,2,1,4,4,0,1,1,6
636,29D,14/06/2012,1,6,0,15,2,1,5,3,2,3,0,8
636,29D,15/07/2012,0,2,0,12,2,1,4,2,2,2,0,6
636,29D,16/08/2012,0,5,0,18,2,1,6,4,2,1,3,10
636,29D,17/06/2012,0,3,1,10,2,1,3,2,1,3,0,6
636,29D,17/08/2012,0,4,0,15,2,1,6,4,2,1,1,8
636,29D,18/06/2012,3,11,0,30,2,1,5,4,1,3,0,8
636,29D,19/06/2012,0,2,0,12,2,1,2,2,0,1,0,3
637,29D,02/07/2012,0,3,0,22,1,2,4,3,1,3,0,7
637,29D,04/08/2012,0,1,0,4,1,2,4,4,0,2,0,6
637,29D,10/07/2012,3,7,1,41,1,2,4,3,1,3,0,7
637,29D,12/06/2012,2,3,0,6,1,2,5,4,1,3,0,8
637,29D,12/08/2012,2,4,0,9,1,2,6,4,2,1,4,11
637,29D,13/08/2012,0,9,0,14,1,2,4,4,0,1,1,6
637,29D,14/06/2012,0,4,0,22,1,2,5,3,2,3,0,8
637,29D,14/08/2012,0,1,0,2,1,2,2,1,1,1,0,3
637,29D,15/07/2012,0,3,0,12,1,2,4,2,2,2,0,6
637,29D,16/08/2012,0,7,0,23,1,2,6,4,2,1,3,10
637,29D,17/06/2012,0,2,0,10,1,2,3,2,1,3,0,6
637,29D,17/08/2012,3,5,0,17,1,2,6,4,2,1,1,8
637,29D,18/06/2012,0,11,1,31,1,2,5,4,1,3,0,8
637,29D,30/06/2012,0,1,0,10,1,2,0,0,0,3,0,3
639,7A,16/07/2012,0,2,0,10,1,2,0,0,0,2,0,2
639,7A,18/07/2012,0,2,0,12,1,2,0,0,0,2,0,2
640,29D,02/07/2012,0,3,0,22,1,2,4,3,1,3,0,7
640,29D,04/08/2012,0,4,0,7,1,2,4,4,0,2,0,6
640,29D,10/07/2012,0,19,0,52,1,2,4,3,1,3,0,7
640,29D,12/06/2012,0,10,0,32,1,2,5,4,1,3,0,8
640,29D,12/08/2012,0,10,0,23,1,1,6,4,2,1,4,11
640,29D,14/06/2012,1,8,0,23,1,2,5,3,2,3,0,8
640,29D,14/08/2012,0,3,0,5,1,1,2,1,1,1,0,3
640,29D,16/08/2012,0,3,0,21,1,1,6,4,2,1,3,10
640,29D,17/06/2012,0,1,0,9,1,2,3,2,1,3,0,6
640,29D,17/08/2012,0,2,0,16,1,1,6,4,2,1,1,8
640,29D,18/06/2012,0,12,0,35,1,2,5,4,1,3,0,8
640,29D,19/06/2012,0,1,0,14,1,2,2,2,0,1,0,3
640,29D,30/06/2012,0,1,0,9,1,2,0,0,0,3,0,3
642,7A,16/07/2012,0,1,0,14,2,2,0,0,0,2,0,2
642,7A,18/07/2012,0,3,0,14,2,2,0,0,0,2,0,2
645,4,01/07/2012,0,3,0,6,1,1,6,0,6,2,0,8
649,41,05/07/2012,0,5,0,28,2,1,4,3,1,0,0,4
649,41,06/07/2012,0,8,0,36,2,1,3,3,0,0,0,3
649,41,09/07/2012,0,10,1,50,2,1,4,3,1,0,0,4
649,41,10/07/2012,0,8,0,38,2,1,4,3,1,0,0,4
649,41,11/07/2012,0,8,0,36,2,1,4,3,1,0,0,4
649,41,12/07/2012,0,7,0,22,2,1,4,3,1,0,0,4
649,41,20/07/2012,0,2,0,10,2,1,2,2,0,0,0,2
649,41,21/07/2012,0,2,0,4,2,1,2,1,1,0,0,2
649,41,28/06/2012,0,2,0,5,2,1,4,3,1,0,0,4
649,41,30/06/2012,0,6,0,10,2,1,2,2,0,0,0,2
650,41,05/07/2012,0,1,0,8,1,1,4,3,1,0,0,4
650,41,09/07/2012,0,6,0,26,1,1,4,3,1,0,0,4
650,41,09/08/2012,0,5,0,15,1,1,1,0,1,0,0,1
650,41,10/07/2012,0,10,0,51,1,1,4,3,1,0,0,4
650,41,11/07/2012,0,5,0,19,1,1,4,3,1,0,0,4
650,41,12/07/2012,0,8,0,27,1,1,4,3,1,0,0,4
650,41,15/07/2012,0,2,0,22,1,1,3,2,1,0,0,3
650,41,21/07/2012,0,7,0,30,1,1,2,1,1,0,0,2
650,41,23/07/2012,0,1,0,15,1,1,2,1,1,0,0,2
650,41,28/06/2012,0,3,0,5,1,1,4,3,1,0,0,4
651,41,03/07/2012,0,2,0,9,2,1,2,2,0,0,0,2
651,41,04/07/2012,0,3,0,4,2,1,2,2,0,0,0,2
651,41,05/07/2012,0,7,0,23,2,1,4,3,1,0,0,4
651,41,06/07/2012,1,18,0,45,2,1,3,3,0,0,0,3
651,41,09/07/2012,1,13,0,71,2,1,4,3,1,0,0,4
651,41,10/07/2012,0,15,1,64,2,1,4,3,1,0,0,4
651,41,11/07/2012,1,6,0,23,2,1,4,3,1,0,0,4
651,41,12/07/2012,1,3,0,31,2,1,4,3,1,0,0,4
651,41,15/07/2012,0,3,0,20,2,1,3,2,1,0,0,3
651,41,28/06/2012,0,3,0,7,2,1,4,3,1,0,0,4
653,41,03/07/2012,0,1,0,10,2,1,2,2,0,0,0,2
653,41,04/07/2012,0,2,0,6,2,1,2,2,0,0,0,2
653,41,05/07/2012,0,5,0,21,2,1,4,3,1,0,0,4
653,41,06/07/2012,0,12,0,39,2,1,3,3,0,0,0,3
653,41,09/07/2012,0,12,0,41,2,1,4,3,1,0,0,4
653,41,10/07/2012,0,11,0,30,2,1,4,3,1,0,0,4
653,41,11/07/2012,0,7,0,21,2,1,4,3,1,0,0,4
653,41,12/07/2012,1,5,0,18,2,1,4,3,1,0,0,4
653,41,15/07/2012,0,2,0,16,2,1,3,2,1,0,0,3
653,41,20/07/2012,0,1,0,2,2,1,2,2,0,0,0,2
653,41,23/07/2012,0,1,0,4,2,1,2,1,1,0,0,2
653,41,28/06/2012,0,3,0,7,2,1,4,3,1,0,0,4
653,41,30/06/2012,0,2,0,7,2,1,2,2,0,0,0,2
659,1,10/08/2012,0,2,0,2,1,1,8,5,3,0,1,10
659,1,29/07/2012,0,2,0,8,1,1,7,2,5,1,0,9
661,1,10/08/2012,1,1,0,1,2,4,8,5,3,0,1,10
662,29D,12/08/2012,0,1,0,5,1,4,6,4,2,1,4,11
663,29D,12/08/2012,0,1,0,5,1,4,6,4,2,1,4,11
663,29D,16/08/2012,0,1,0,2,1,4,6,4,2,1,3,10
664,29D,12/08/2012,0,2,0,5,2,4,6,4,2,1,4,11
664,29D,16/08/2012,0,3,0,5,2,4,6,4,2,1,3,10
665,29D,12/08/2012,0,2,0,5,2,4,6,4,2,1,4,11
665,29D,13/08/2012,0,1,0,1,2,4,4,4,0,1,1,6
665,29D,16/08/2012,0,2,0,5,2,4,6,4,2,1,3,10
665,29D,17/08/2012,0,1,0,8,2,4,6,4,2,1,1,8
721,29A,06/06/2019,0,1,0,2,2,1,3,3,0,0,0,3
877,9D,18/06/2019,0,2,0,3,2,1,3,3,0,3,0,6
877,9D,25/06/2019,0,1,0,2,2,1,2,2,0,3,0,5
969,9D,18/06/2019,1,5,0,10,2,1,3,3,0,3,0,6
969,9D,25/06/2019,1,2,0,5,2,1,2,2,0,3,0,5
983,4B,20/06/2019,0,3,0,8,2,1,2,2,0,0,0,2
983,4B,24/06/2019,1,4,0,8,2,1,3,3,0,1,0,4
1009,84E,16/07/2019,0,1,0,1,1,1,3,1,2,0,0,3
1013,29A,06/06/2019,1,3,1,8,2,1,3,3,0,0,0,3
1013,29A,29/06/2019,1,7,0,10,2,1,4,2,2,0,1,5
1039,80,24/06/2019,0,2,0,5,2,1,2,2,0,0,1,3
1039,80A,30/06/2019,0,2,0,4,2,1,3,2,1,0,1,4
1043,83C,21/07/2019,0,2,0,7,2,1,1,1,0,0,0,1
1060,9D,18/06/2019,0,3,0,6,2,1,3,3,0,3,0,6
1073,4B,20/06/2019,0,5,0,9,2,1,2,2,0,0,0,2
1073,4B,24/06/2019,0,5,0,10,2,1,3,3,0,1,0,4
1098,29A,06/06/2019,1,5,0,7,2,1,3,3,0,0,0,3
1098,29A,29/06/2019,2,6,0,9,2,1,4,2,2,0,1,5
1171,80A,30/06/2019,0,1,0,1,1,1,3,2,1,0,1,4
1269,1A,06/07/2019,0,2,0,4,1,1,3,0,3,1,1,6
1285,1A,19/06/2019,0,1,0,4,2,1,3,1,2,1,0,5
1288,1A,06/07/2019,0,2,0,4,1,1,3,0,3,1,1,6
1354,80,24/06/2019,1,2,0,4,2,1,2,2,0,0,1,3
1354,80A,30/06/2019,0,3,0,4,2,1,3,2,1,0,1,4
1371,1A,06/07/2019,1,4,1,6,1,1,3,0,3,1,1,6
1371,1A,19/06/2019,0,1,0,4,1,1,3,1,2,1,0,5
1371,1A,30/06/2019,0,2,0,6,1,1,2,0,2,1,1,4
1395,4B,24/06/2019,0,1,0,4,2,1,3,3,0,1,0,4
1419,1A,06/07/2019,1,5,0,8,2,2,3,0,3,1,1,6
1419,1A,19/06/2019,1,5,1,7,2,2,3,1,2,1,0,5
1419,1A,30/06/2019,1,5,0,8,2,2,2,0,2,1,1,4
1420,4B,24/06/2019,0,3,0,10,2,2,3,3,0,1,0,4
1421,1A,19/06/2019,0,1,0,1,1,1,3,1,2,1,0,5
1421,1A,30/06/2019,0,1,0,1,1,1,2,0,2,1,1,4
1422,1A,06/07/2019,0,4,0,5,2,4,3,0,3,1,1,6
1422,1A,30/06/2019,0,2,1,6,2,4,2,0,2,1,1,4
1424,9D,18/06/2019,1,6,0,11,2,2,3,3,0,3,0,6
1424,9D,25/06/2019,1,5,1,8,2,2,2,2,0,3,0,5
1425,9D,18/06/2019,0,4,1,7,1,2,3,3,0,3,0,6
1425,9D,25/06/2019,1,4,1,6,1,2,2,2,0,3,0,5
1426,9D,18/06/2019,0,2,0,6,2,2,3,3,0,3,0,6
1426,9D,25/06/2019,1,4,1,8,2,2,2,2,0,3,0,5
1438,1A,06/07/2019,0,1,1,2,2,2,3,0,3,1,1,6
1438,1A,19/06/2019,0,3,0,5,2,2,3,1,2,1,0,5
1459,29A,29/06/2019,0,6,1,10,1,1,4,2,2,0,1,5
1462,29A,29/06/2019,0,5,0,10,1,1,4,2,2,0,1,5
1466,29A,29/06/2019,0,10,2,16,2,4,4,2,2,0,1,5
1492,84E,16/07/2019,0,1,0,1,1,1,3,1,2,0,0,3
1493,84E,16/07/2019,0,1,0,1,2,1,3,1,2,0,0,3
1501,80,24/06/2019,1,2,0,3,2,4,2,2,0,0,1,3
1502,80A,30/06/2019,0,1,0,2,2,4,3,2,1,0,1,4
